product_id,product_name,manufacturer,category,ingredients,active_amount,dosage,cautions,contraindications,age_restriction,pregnancy_safe,interactions,dur_tags,storage,price_range,source,source_date,reliability,status,created_at,updated_at,updated_by,recommend_flag
SUP-0001,-고려은단비타민C 300T,고려은단,비타민,아스코르브산;비타민B2,비타민C 500mg,"1일 1~2회, 1정",대용량 포장(300정),옥살산뇨증,,안전,와파린,중복성분주의,직사광선 피하고 서늘한 곳,0,AI 지식 기반 조사,2026-03-11,자체조사,활성,2026-03-11T00:40:48,2026-03-11T00:40:48,제품데이터큐레이터,Y
SUP-0002,효모아연셀렌크롬,비타민하우스,미네랄,글루콘산아연,아연 25mg,"1일 1회, 1정",공복 시 속쓰림,,,안전,항생제;철분제,중복성분주의,직사광선 피하고 서늘한 곳,0,AI 지식 기반 조사,2026-03-11,자체조사,활성,2026-03-11T00:40:48,2026-03-11T00:40:48,제품데이터큐레이터,Y
SUP-0003,스파톤애플+레드마임,네이쳐스팜,미네랄,철분(천연 미네랄워터 유래);비타민C,철 5mg,1일 1포,천연 철분;위장장애 적음,철분 과다증,,안전,칼슘제,,직사광선 피하고 서늘한 곳,0,AI 지식 기반 조사,2026-03-11,자체조사,활성,2026-03-11T00:40:48,2026-03-11T00:40:48,제품데이터큐레이터,Y
SUP-0004,아연25,그린스토어,미네랄,글루콘산아연,아연 25mg,"1일 1회, 1정",공복 시 속쓰림,,,안전,항생제;철분제,중복성분주의,직사광선 피하고 서늘한 곳,0,AI 지식 기반 조사,2026-03-11,자체조사,활성,2026-03-11T00:40:48,2026-03-11T00:40:48,제품데이터큐레이터,Y
SUP-0005,Vitamin B complex 100,(주)그린스토어,비타민,비타민B1;비타민B2;비타민B6;비타민B12;나이아신;엽산;비오틴;판토텐산,비타민B군 각 100mg,"1일 1회, 1정, 식후",고함량 B군;소변 노랗게 변할 수 있음,,,주의,레보도파;항경련제,,직사광선 피하고 서늘한 곳,0,AI 지식 기반 조사,2026-03-11,자체조사,활성,2026-03-11T00:40:48,2026-03-11T00:40:48,제품데이터큐레이터,Y
SUP-0006,마이크로바이옴 프로바이오틱스 5세대,마더스팜,프로바이오틱스,락토바실러스;비피도박테리움;스트렙토코커스 써모필러스,100억 CFU,"1일 1회, 1캡슐",냉장 보관;면역억제제 주의,면역결핍 환자,,안전,항생제(2시간 간격),,직사광선 피하고 서늘한 곳,0,AI 지식 기반 조사,2026-03-11,자체조사,활성,2026-03-11T00:40:48,2026-03-11T00:40:48,제품데이터큐레이터,Y
SUP-0007,스파톤-레드마임업(28포),네이처스팜,미네랄,철분(천연 미네랄워터 유래);비타민C,철 5mg,1일 1포,천연 철분;위장장애 적음,철분 과다증,,안전,칼슘제,,직사광선 피하고 서늘한 곳,0,AI 지식 기반 조사,2026-03-11,자체조사,활성,2026-03-11T00:40:48,2026-03-11T00:40:48,제품데이터큐레이터,Y
SUP-0008,레드마임(1포),네이처스팜,미네랄,철분(피로인산철);비타민C;엽산;비타민B12,"철 14mg, 엽산 400μg",1일 1포,빈혈 예방;여성 특화,철분 과다증,,안전,칼슘제;갑상선약,중복성분주의,직사광선 피하고 서늘한 곳,0,AI 지식 기반 조사,2026-03-11,자체조사,활성,2026-03-11T00:40:48,2026-03-11T00:40:48,제품데이터큐레이터,Y
SUP-0009,엠에스엠2030,피디에이치아이엔씨,뼈·관절,MSM;글루코사민;상어연골,MSM 2000mg,"1일 1~2회, 2정",혈액희석 효과 가능,갑각류 알레르기,,미확인,와파린;항응고제,병용금기,직사광선 피하고 서늘한 곳,0,AI 지식 기반 조사,2026-03-11,자체조사,활성,2026-03-11T00:40:48,2026-03-11T00:40:48,제품데이터큐레이터,Y
SUP-0010,*센트룸실버우먼(70T),화이자,비타민,비타민A;비타민B군;비타민C;비타민D;비타민E;나이아신;엽산;비오틴;칼슘;마그네슘;아연;셀레늄;크롬,종합비타민(50세이상 여성),"1일 1회, 1정, 식후",50세 이상 여성 특화,,,해당없음,와파린;갑상선약,중복성분주의,직사광선 피하고 서늘한 곳,0,AI 지식 기반 조사,2026-03-11,자체조사,활성,2026-03-11T00:40:48,2026-03-11T00:40:48,제품데이터큐레이터,Y
SUP-0011,슈퍼루테인골드,비타민하우스,비타민,루테인;지아잔틴;비타민A,루테인 20mg,"1일 1회, 1캡슐",흡연자 주의(베타카로틴 포함 시),,,주의,,,직사광선 피하고 서늘한 곳,0,AI 지식 기반 조사,2026-03-11,자체조사,활성,2026-03-11T00:40:48,2026-03-11T00:40:48,제품데이터큐레이터,Y
SUP-0012,뉴알티지오메가3(1통),비타민하우스,오메가,EPA;DHA;비타민E,"EPA 600mg, DHA 400mg","1일 1회, 1~2캡슐, 식후",수술 전 복용 중단;어유 알레르기 주의,어류 알레르기,,주의,와파린;아스피린;항응고제,병용금기;중복성분주의,직사광선 피하고 서늘한 곳,0,AI 지식 기반 조사,2026-03-11,자체조사,활성,2026-03-11T00:40:48,2026-03-11T00:40:48,제품데이터큐레이터,Y
SUP-0013,조아눈건강(루테인/90C),(주)조아제약,비타민,루테인;지아잔틴;비타민A,루테인 20mg,"1일 1회, 1캡슐",흡연자 주의(베타카로틴 포함 시),,,주의,,,직사광선 피하고 서늘한 곳,0,AI 지식 기반 조사,2026-03-11,자체조사,활성,2026-03-11T00:40:48,2026-03-11T00:40:48,제품데이터큐레이터,Y
SUP-0014,더덕 배도라지,미등록제조사,기타,더덕;배;도라지;꿀,더덕·배·도라지 추출물,1일 1~2포,기침·가래 완화;전통 건강음료,,,안전,,,직사광선 피하고 서늘한 곳,0,AI 지식 기반 조사,2026-03-11,자체조사,활성,2026-03-11T00:40:48,2026-03-11T00:40:48,제품데이터큐레이터,Y
SUP-0015,유한알티지식물성오메가3,(주)서흥,오메가,EPA;DHA;비타민E,"EPA 600mg, DHA 400mg","1일 1회, 1~2캡슐, 식후",수술 전 복용 중단;어유 알레르기 주의,어류 알레르기,,주의,와파린;아스피린;항응고제,병용금기;중복성분주의,직사광선 피하고 서늘한 곳,0,AI 지식 기반 조사,2026-03-11,자체조사,활성,2026-03-11T00:40:48,2026-03-11T00:40:48,제품데이터큐레이터,Y
SUP-0016,오메가3비타민D,수입(캐나다),오메가,EPA;DHA;비타민E,"EPA 600mg, DHA 400mg","1일 1회, 1~2캡슐, 식후",수술 전 복용 중단;어유 알레르기 주의,어류 알레르기,,주의,와파린;아스피린;항응고제,병용금기;중복성분주의,직사광선 피하고 서늘한 곳,0,AI 지식 기반 조사,2026-03-11,자체조사,활성,2026-03-11T00:40:48,2026-03-11T00:40:48,제품데이터큐레이터,Y
SUP-0017,프리미엄오메가3비타D,바이탈약품,오메가,EPA;DHA;비타민E,"EPA 600mg, DHA 400mg","1일 1회, 1~2캡슐, 식후",수술 전 복용 중단;어유 알레르기 주의,어류 알레르기,,주의,와파린;아스피린;항응고제,병용금기;중복성분주의,직사광선 피하고 서늘한 곳,0,AI 지식 기반 조사,2026-03-11,자체조사,활성,2026-03-11T00:40:48,2026-03-11T00:40:48,제품데이터큐레이터,Y
SUP-0018,아이헤드알티지오메가3,(주)한국피에스피,오메가,EPA;DHA;비타민E,"EPA 600mg, DHA 400mg","1일 1회, 1~2캡슐, 식후",수술 전 복용 중단;어유 알레르기 주의,어류 알레르기,,주의,와파린;아스피린;항응고제,병용금기;중복성분주의,직사광선 피하고 서늘한 곳,0,AI 지식 기반 조사,2026-03-11,자체조사,활성,2026-03-11T00:40:48,2026-03-11T00:40:48,제품데이터큐레이터,Y
SUP-0019,디노키즈오메가3(60C),조아제약(주),오메가,EPA;DHA;비타민E,"EPA 600mg, DHA 400mg","1일 1회, 1~2캡슐, 식후",수술 전 복용 중단;어유 알레르기 주의,어류 알레르기,,주의,와파린;아스피린;항응고제,병용금기;중복성분주의,직사광선 피하고 서늘한 곳,0,AI 지식 기반 조사,2026-03-11,자체조사,활성,2026-03-11T00:40:48,2026-03-11T00:40:48,제품데이터큐레이터,Y
SUP-0020,징코메시아오메가,그린뉴트리코리아-메디스팜,기타,은행잎추출물;EPA;DHA;비타민E,"은행잎 120mg, EPA+DHA 500mg","1일 1~2회, 1캡슐",혈행개선+기억력,어류 알레르기,,주의,와파린;아스피린;항응고제,병용금기;중복성분주의,직사광선 피하고 서늘한 곳,0,AI 지식 기반 조사,2026-03-11,자체조사,활성,2026-03-11T00:40:48,2026-03-11T00:40:48,제품데이터큐레이터,Y
SUP-0021,벨더웰 초임계 rTG 오메가3,종근당,오메가,EPA;DHA;비타민E,"EPA 600mg, DHA 400mg","1일 1회, 1~2캡슐, 식후",수술 전 복용 중단;어유 알레르기 주의,어류 알레르기,,주의,와파린;아스피린;항응고제,병용금기;중복성분주의,직사광선 피하고 서늘한 곳,0,AI 지식 기반 조사,2026-03-11,자체조사,활성,2026-03-11T00:40:48,2026-03-11T00:40:48,제품데이터큐레이터,Y
SUP-0022,메가비타민C3000(크리스탈/120포),백제약품,비타민,아스코르브산;히드록시프로필메틸셀룰로스,비타민C 3000mg,"1일 1회, 1포",과량 섭취 시 설사·위장장애 가능;신장결석 위험,신장질환 환자,,주의,와파린;항응고제,용량초과주의;중복성분주의,직사광선 피하고 서늘한 곳,0,AI 지식 기반 조사,2026-03-11,자체조사,활성,2026-03-11T00:40:48,2026-03-11T00:40:48,제품데이터큐레이터,Y
SUP-0023,진스알티지오메가3,디비바이오(주),오메가,EPA;DHA;비타민E,"EPA 600mg, DHA 400mg","1일 1회, 1~2캡슐, 식후",수술 전 복용 중단;어유 알레르기 주의,어류 알레르기,,주의,와파린;아스피린;항응고제,병용금기;중복성분주의,직사광선 피하고 서늘한 곳,0,AI 지식 기반 조사,2026-03-11,자체조사,활성,2026-03-11T00:40:48,2026-03-11T00:40:48,제품데이터큐레이터,Y
SUP-0024,파워킹콘드로이친1350,(주)비오팜,뼈·관절,상어연골 콘드로이친;글루코사민;MSM;비타민D,콘드로이친 1350mg,"1일 1회, 3정",상어연골 유래;고함량,갑각류·어류 알레르기,,금기,와파린;항응고제,병용금기;임부금기,직사광선 피하고 서늘한 곳,0,AI 지식 기반 조사,2026-03-11,자체조사,활성,2026-03-11T00:40:48,2026-03-11T00:40:48,제품데이터큐레이터,Y
SUP-0025,센트룸프로(120정),글락소스미스,비타민,비타민A;비타민B1;비타민B2;비타민B6;비타민B12;비타민C;비타민D;비타민E;비타민K;나이아신;엽산;비오틴;판토텐산;칼슘;마그네슘;아연;철;구리;망간;셀레늄;크롬;루테인,종합비타민 1정,"1일 1회, 1정, 식후",과량 섭취 주의,철분 과다증 환자,,주의,와파린;항응고제;갑상선약,중복성분주의,직사광선 피하고 서늘한 곳,0,AI 지식 기반 조사,2026-03-11,자체조사,활성,2026-03-11T00:40:48,2026-03-11T00:40:48,제품데이터큐레이터,Y
SUP-0026,센트룸우먼(70정),글락소스미스,비타민,비타민A;비타민B군;비타민C;비타민D;비타민E;나이아신;엽산;비오틴;판토텐산;칼슘;마그네슘;아연;철;셀레늄;크롬,종합비타민(여성용),"1일 1회, 1정, 식후",여성 특화(철분·엽산 강화),,,주의,와파린;갑상선약,중복성분주의,직사광선 피하고 서늘한 곳,0,AI 지식 기반 조사,2026-03-11,자체조사,활성,2026-03-11T00:40:48,2026-03-11T00:40:48,제품데이터큐레이터,Y
SUP-0027,훼라썬비타민D2000IU(90캡슐),동국제약,비타민,콜레칼시페롤(비타민D3),비타민D3,"1일 1회, 1캡슐",과량 시 고칼슘혈증 위험,고칼슘혈증;신장결석,,주의,칼슘제;디곡신;이뇨제,용량초과주의,직사광선 피하고 서늘한 곳,0,AI 지식 기반 조사,2026-03-11,자체조사,활성,2026-03-11T00:40:48,2026-03-11T00:40:48,제품데이터큐레이터,Y
SUP-0028,아이케어루테인(200캡슐),(주)제이엘파미스,비타민,루테인;지아잔틴;비타민A,루테인 20mg,"1일 1회, 1캡슐",흡연자 주의(베타카로틴 포함 시),,,주의,,,직사광선 피하고 서늘한 곳,0,AI 지식 기반 조사,2026-03-11,자체조사,활성,2026-03-11T00:40:48,2026-03-11T00:40:48,제품데이터큐레이터,Y
SUP-0029,센트룸맨(70정),글락소스미스,비타민,비타민A;비타민B군;비타민C;비타민D;비타민E;나이아신;엽산;비오틴;칼슘;마그네슘;아연;셀레늄;크롬;리코펜,종합비타민(남성용),"1일 1회, 1정, 식후",남성 특화,,,해당없음,와파린;갑상선약,중복성분주의,직사광선 피하고 서늘한 곳,0,AI 지식 기반 조사,2026-03-11,자체조사,활성,2026-03-11T00:40:48,2026-03-11T00:40:48,제품데이터큐레이터,Y
SUP-0030,오큐테인3,국제약품(주),비타민,"루테인;지아잔틴;오메가3(EPA,DHA);비타민E","루테인 10mg, EPA+DHA 500mg","1일 2회, 1캡슐",눈+오메가3 복합,어류 알레르기,,주의,와파린;항응고제,중복성분주의,직사광선 피하고 서늘한 곳,0,AI 지식 기반 조사,2026-03-11,자체조사,단종,2026-03-11T00:40:48,2026-03-11T00:40:48,제품데이터큐레이터,Y
SUP-0031,관절Q엠에스엠골드(180정),(주)제이엘파미스,뼈·관절,MSM;글루코사민;상어연골,MSM 2000mg,"1일 1~2회, 2정",혈액희석 효과 가능,갑각류 알레르기,,미확인,와파린;항응고제,병용금기,직사광선 피하고 서늘한 곳,0,AI 지식 기반 조사,2026-03-11,자체조사,활성,2026-03-11T00:40:48,2026-03-11T00:40:48,제품데이터큐레이터,Y
SUP-0032,훼러진플러스(60캡슐),(주)종근당,미네랄,푸마르산제일철;엽산;비타민C;비타민B12,"철 20mg, 엽산 400μg","1일 1회, 1캡슐",빈혈 예방;위장장애 가능,철분 과다증,,안전,칼슘제;항생제;갑상선약,중복성분주의,직사광선 피하고 서늘한 곳,0,AI 지식 기반 조사,2026-03-11,자체조사,활성,2026-03-11T00:40:48,2026-03-11T00:40:48,제품데이터큐레이터,Y
SUP-0033,메가비타민씨3000,초당약품,비타민,아스코르브산,비타민C 3000mg,"1일 1회, 1포",과량 섭취 시 설사 가능,신장질환 환자,,주의,와파린,용량초과주의,직사광선 피하고 서늘한 곳,0,AI 지식 기반 조사,2026-03-11,자체조사,활성,2026-03-11T00:40:48,2026-03-11T00:40:48,제품데이터큐레이터,Y
SUP-0034,아연구미비타민디,메타센,미네랄,글루콘산아연,아연 25mg,"1일 1회, 1정",공복 시 속쓰림,,,안전,항생제;철분제,중복성분주의,직사광선 피하고 서늘한 곳,0,AI 지식 기반 조사,2026-03-11,자체조사,활성,2026-03-11T00:40:48,2026-03-11T00:40:48,제품데이터큐레이터,Y
SUP-0035,코랄칼마그(180캡슐),"highland laboratories,Inc/USA",미네랄,산호칼슘;산화마그네슘;비타민D3,"칼슘 500mg, 마그네슘 250mg","1일 1회, 2캡슐",철분제와 동시 복용 피할 것,고칼슘혈증;신장결석,,안전,철분제;갑상선약;항생제,중복성분주의,직사광선 피하고 서늘한 곳,0,AI 지식 기반 조사,2026-03-11,자체조사,활성,2026-03-11T00:40:48,2026-03-11T00:40:48,제품데이터큐레이터,Y
SUP-0036,메가콘600(90정),경보제약,기타,레시틴(포스파티딜콜린),레시틴 1200mg,"1일 1회, 1정",간 건강·혈행 개선;대두 유래,대두 알레르기,,안전,,,직사광선 피하고 서늘한 곳,0,AI 지식 기반 조사,2026-03-11,자체조사,활성,2026-03-11T00:40:48,2026-03-11T00:40:48,제품데이터큐레이터,Y
SUP-0037,헤파엘골드(120캡슐),코오롱제약(주),기타,밀크시슬(실리마린);UDCA;비타민B군,실리마린 130mg,"1일 1회, 2캡슐, 식후",간 건강 복합제,담도 폐쇄,,주의,면역억제제;경구피임약,간독성주의,직사광선 피하고 서늘한 곳,0,AI 지식 기반 조사,2026-03-11,자체조사,활성,2026-03-11T00:40:48,2026-03-11T00:40:48,제품데이터큐레이터,Y
SUP-0038,센트룸실버맨(70정),쥴릭파마코리아,비타민,비타민A;비타민B군;비타민C;비타민D;비타민E;나이아신;엽산;비오틴;칼슘;마그네슘;아연;셀레늄;크롬;리코펜,종합비타민(50세이상 남성),"1일 1회, 1정, 식후",50세 이상 남성 특화,,,해당없음,와파린;갑상선약,중복성분주의,직사광선 피하고 서늘한 곳,0,AI 지식 기반 조사,2026-03-11,자체조사,활성,2026-03-11T00:40:48,2026-03-11T00:40:48,제품데이터큐레이터,Y
SUP-0039,고려은단비타C골드(1병),고려은단(주),비타민,아스코르브산,비타민C 1000mg,"1일 1회, 1정",과량 섭취 시 설사 가능,옥살산뇨증 환자,,주의,와파린,중복성분주의,직사광선 피하고 서늘한 곳,0,AI 지식 기반 조사,2026-03-11,자체조사,활성,2026-03-11T00:40:48,2026-03-11T00:40:48,제품데이터큐레이터,Y
SUP-0040,뽀로로비타민C(10정),비타민,비타민,아스코르브산;자일리톨,비타민C 200mg,1일 1~2정,어린이용,,,해당없음,,,직사광선 피하고 서늘한 곳,0,AI 지식 기반 조사,2026-03-11,자체조사,활성,2026-03-11T00:40:48,2026-03-11T00:40:48,제품데이터큐레이터,Y
SUP-0041,센트룸실버프로정(120정),쥴릭파마코리아,비타민,비타민A;비타민B군;비타민C;비타민D;비타민E;나이아신;엽산;비오틴;칼슘;마그네슘;아연;셀레늄;크롬;루테인,종합비타민(50세이상),"1일 1회, 1정, 식후",50세 이상 특화(루테인 추가),,,해당없음,와파린;갑상선약,중복성분주의,직사광선 피하고 서늘한 곳,0,AI 지식 기반 조사,2026-03-11,자체조사,활성,2026-03-11T00:40:48,2026-03-11T00:40:48,제품데이터큐레이터,Y
SUP-0042,센트룸실버우먼(70정),쥴릭파마코리아,비타민,비타민A;비타민B군;비타민C;비타민D;비타민E;나이아신;엽산;비오틴;칼슘;마그네슘;아연;셀레늄;크롬,종합비타민(50세이상 여성),"1일 1회, 1정, 식후",50세 이상 여성 특화,,,해당없음,와파린;갑상선약,중복성분주의,직사광선 피하고 서늘한 곳,0,AI 지식 기반 조사,2026-03-11,자체조사,활성,2026-03-11T00:40:48,2026-03-11T00:40:48,제품데이터큐레이터,Y
SUP-0043,알티지클린오메가3 프라임(30캡슐),그린스토어,오메가,EPA;DHA;비타민E,"EPA 600mg, DHA 400mg","1일 1회, 1~2캡슐, 식후",수술 전 복용 중단;어유 알레르기 주의,어류 알레르기,,주의,와파린;아스피린;항응고제,병용금기;중복성분주의,직사광선 피하고 서늘한 곳,0,AI 지식 기반 조사,2026-03-11,자체조사,활성,2026-03-11T00:40:48,2026-03-11T00:40:48,제품데이터큐레이터,Y
SUP-0044,벨더웰초임계루테인아스타잔틴,종근당,비타민,루테인;지아잔틴;비타민A,루테인 20mg,"1일 1회, 1캡슐",흡연자 주의(베타카로틴 포함 시),,,주의,,,직사광선 피하고 서늘한 곳,0,AI 지식 기반 조사,2026-03-11,자체조사,활성,2026-03-11T00:40:48,2026-03-11T00:40:48,제품데이터큐레이터,Y
SUP-0045,맛있는비타민레모나산(10포),경남제약(주),비타민,아스코르브산;비타민B2,비타민C 500mg,"1일 1~2회, 1포",,,,안전,,,직사광선 피하고 서늘한 곳,0,AI 지식 기반 조사,2026-03-11,자체조사,활성,2026-03-11T00:40:48,2026-03-11T00:40:48,제품데이터큐레이터,Y
SUP-0046,프로바이오틱스장용캡슐(60캡슐),(주)코오롱제약,프로바이오틱스,락토바실러스;비피도박테리움;스트렙토코커스 써모필러스,100억 CFU,"1일 1회, 1캡슐",냉장 보관;면역억제제 주의,면역결핍 환자,,안전,항생제(2시간 간격),,직사광선 피하고 서늘한 곳,0,AI 지식 기반 조사,2026-03-11,자체조사,활성,2026-03-11T00:40:48,2026-03-11T00:40:48,제품데이터큐레이터,Y
SUP-0047,비타민D5000IU(90c*2box),다나음,비타민,콜레칼시페롤(비타민D3),비타민D3,"1일 1회, 1캡슐",과량 시 고칼슘혈증 위험,고칼슘혈증;신장결석,,주의,칼슘제;디곡신;이뇨제,용량초과주의,직사광선 피하고 서늘한 곳,0,AI 지식 기반 조사,2026-03-11,자체조사,활성,2026-03-11T00:40:48,2026-03-11T00:40:48,제품데이터큐레이터,Y
SUP-0048,꽁삐앙스마이크로바이옴핏(60캡슐),PHARMACELL,프로바이오틱스,5세대 유산균 혼합;프리바이오틱스;포스트바이오틱스,200억 CFU,"1일 1회, 1캡슐",5세대 유산균,,,안전,항생제(2시간 간격),,직사광선 피하고 서늘한 곳,0,AI 지식 기반 조사,2026-03-11,자체조사,활성,2026-03-11T00:40:48,2026-03-11T00:40:48,제품데이터큐레이터,Y
SUP-0049,도펠악티브비타민D3 5000IU(180캡슐),PHARMACELL,비타민,콜레칼시페롤(비타민D3),비타민D3,"1일 1회, 1캡슐",과량 시 고칼슘혈증 위험,고칼슘혈증;신장결석,,주의,칼슘제;디곡신;이뇨제,용량초과주의,직사광선 피하고 서늘한 곳,0,AI 지식 기반 조사,2026-03-11,자체조사,활성,2026-03-11T00:40:48,2026-03-11T00:40:48,제품데이터큐레이터,Y
SUP-0050,비타민D1000 IU(90c*2box),다나음,비타민,콜레칼시페롤(비타민D3),비타민D3,"1일 1회, 1캡슐",과량 시 고칼슘혈증 위험,고칼슘혈증;신장결석,,주의,칼슘제;디곡신;이뇨제,용량초과주의,직사광선 피하고 서늘한 곳,0,AI 지식 기반 조사,2026-03-11,자체조사,활성,2026-03-11T00:40:48,2026-03-11T00:40:48,제품데이터큐레이터,Y
SUP-0051,메모레인캡슐(60c),동국제약,기타,참당귀추출분말(INM-176);비타민E,참당귀추출분말 330mg,"1일 2회, 1캡슐, 식전",기억력 개선 인정 원료,,,금기,항응고제,임부금기,직사광선 피하고 서늘한 곳,0,AI 지식 기반 조사,2026-03-11,자체조사,활성,2026-03-11T00:40:48,2026-03-11T00:40:48,제품데이터큐레이터,Y
SUP-0052,지지투마이크로바이옴(180캡슐),(주)파마셀,프로바이오틱스,5세대 유산균 혼합;프리바이오틱스;포스트바이오틱스,200억 CFU,"1일 1회, 1캡슐",5세대 유산균,,,안전,항생제(2시간 간격),,직사광선 피하고 서늘한 곳,0,AI 지식 기반 조사,2026-03-11,자체조사,활성,2026-03-11T00:40:48,2026-03-11T00:40:48,제품데이터큐레이터,Y
SUP-0053,키드큐키즈플러스젤리(40포),일동제약(주),비타민,종합비타민;칼슘;철분;아연;DHA,어린이 종합영양,1일 1~2포,어린이 종합 영양 젤리,,,해당없음,,,직사광선 피하고 서늘한 곳,0,AI 지식 기반 조사,2026-03-11,자체조사,활성,2026-03-11T00:40:48,2026-03-11T00:40:48,제품데이터큐레이터,Y
SUP-0054,키드큐홍삼젤리(20포),일동제약(주),면역,홍삼농축액;비타민C;아연,홍삼 100mg,1일 1포,어린이 면역 홍삼 젤리,,,해당없음,,,직사광선 피하고 서늘한 곳,0,AI 지식 기반 조사,2026-03-11,자체조사,활성,2026-03-11T00:40:48,2026-03-11T00:40:48,제품데이터큐레이터,Y
SUP-0055,우먼프로바이오틱스(30캡슐),그린스토어,프로바이오틱스,락토바실러스;비피도박테리움;스트렙토코커스 써모필러스,100억 CFU,"1일 1회, 1캡슐",냉장 보관;면역억제제 주의,면역결핍 환자,,안전,항생제(2시간 간격),,직사광선 피하고 서늘한 곳,0,AI 지식 기반 조사,2026-03-11,자체조사,활성,2026-03-11T00:40:48,2026-03-11T00:40:48,제품데이터큐레이터,Y
SUP-0056,액티브엽산+비타민D(30정*2케이스),다나음,비타민,콜레칼시페롤(비타민D3),비타민D3,"1일 1회, 1캡슐",과량 시 고칼슘혈증 위험,고칼슘혈증;신장결석,,주의,칼슘제;디곡신;이뇨제,용량초과주의,직사광선 피하고 서늘한 곳,0,AI 지식 기반 조사,2026-03-11,자체조사,활성,2026-03-11T00:40:48,2026-03-11T00:40:48,제품데이터큐레이터,Y
SUP-0057,아이케어루테인(100캡슐),(주)제이엘파미스,비타민,루테인;지아잔틴;비타민A,루테인 20mg,"1일 1회, 1캡슐",흡연자 주의(베타카로틴 포함 시),,,주의,,,직사광선 피하고 서늘한 곳,0,AI 지식 기반 조사,2026-03-11,자체조사,활성,2026-03-11T00:40:48,2026-03-11T00:40:48,제품데이터큐레이터,Y
SUP-0058,키드큐홍삼젤리(1포),일동제약(주),면역,홍삼농축액;비타민C;아연,홍삼 100mg,1일 1포,어린이 면역 홍삼 젤리,,,해당없음,,,직사광선 피하고 서늘한 곳,0,AI 지식 기반 조사,2026-03-11,자체조사,활성,2026-03-11T00:40:48,2026-03-11T00:40:48,제품데이터큐레이터,Y
SUP-0059,키드큐비타젤리(40포),일동제약(주),비타민,비타민C;비타민D;아연;구연산,비타민C 100mg,1일 1~2포,어린이용 비타 젤리,,,해당없음,,,직사광선 피하고 서늘한 곳,0,AI 지식 기반 조사,2026-03-11,자체조사,활성,2026-03-11T00:40:48,2026-03-11T00:40:48,제품데이터큐레이터,Y
SUP-0060,포스파티딜세린 골드,미등록제조사,기타,포스파티딜세린;은행잎추출물;비타민E,PS 300mg,"1일 1회, 1캡슐",기억력 개선,,,미확인,항응고제;혈압약,,직사광선 피하고 서늘한 곳,0,AI 지식 기반 조사,2026-03-11,자체조사,활성,2026-03-11T00:40:48,2026-03-11T00:40:48,제품데이터큐레이터,Y
SUP-0061,메가비타민C3000(크리스탈/60포),백제약품,비타민,아스코르브산;히드록시프로필메틸셀룰로스,비타민C 3000mg,"1일 1회, 1포",과량 섭취 시 설사·위장장애 가능;신장결석 위험,신장질환 환자,,주의,와파린;항응고제,용량초과주의;중복성분주의,직사광선 피하고 서늘한 곳,0,AI 지식 기반 조사,2026-03-11,자체조사,활성,2026-03-11T00:40:48,2026-03-11T00:40:48,제품데이터큐레이터,Y
SUP-0062,마그센샤(120캡슐),PHARMACELL,미네랄,산화마그네슘;비타민B6,마그네슘 400mg,"1일 1회, 2캡슐",마그네슘 고함량;설사 가능,신장질환,,안전,항생제,,직사광선 피하고 서늘한 곳,0,AI 지식 기반 조사,2026-03-11,자체조사,활성,2026-03-11T00:40:48,2026-03-11T00:40:48,제품데이터큐레이터,Y
SUP-0063,아임비타,종근당건강,비타민,비타민B군;비타민C;니코틴산아미드;판토텐산;타우린,비타민B+C 복합,"1일 1회, 1병",피로회복 드링크,,,안전,,,직사광선 피하고 서늘한 곳,0,AI 지식 기반 조사,2026-03-11,자체조사,단종,2026-03-11T00:40:48,2026-03-11T00:40:48,제품데이터큐레이터,Y
SUP-0064,키드큐홍삼젤리(40포),일동제약(주),면역,홍삼농축액;비타민C;아연,홍삼 100mg,1일 1포,어린이 면역 홍삼 젤리,,,해당없음,,,직사광선 피하고 서늘한 곳,0,AI 지식 기반 조사,2026-03-11,자체조사,활성,2026-03-11T00:40:48,2026-03-11T00:40:48,제품데이터큐레이터,Y
SUP-0065,키드큐비타젤리(20포),일동제약,비타민,비타민C;비타민D;아연;구연산,비타민C 100mg,1일 1~2포,어린이용 비타 젤리,,,해당없음,,,직사광선 피하고 서늘한 곳,0,AI 지식 기반 조사,2026-03-11,자체조사,활성,2026-03-11T00:40:48,2026-03-11T00:40:48,제품데이터큐레이터,Y
SUP-0066,마그센샤(60캡슐),PHARMACELL,미네랄,산화마그네슘;비타민B6,마그네슘 400mg,"1일 1회, 2캡슐",마그네슘 고함량;설사 가능,신장질환,,안전,항생제,,직사광선 피하고 서늘한 곳,0,AI 지식 기반 조사,2026-03-11,자체조사,활성,2026-03-11T00:40:48,2026-03-11T00:40:48,제품데이터큐레이터,Y
SUP-0067,꽁삐앙스마이크로바이옴핏(120캡슐),PHARMACELL,프로바이오틱스,5세대 유산균 혼합;프리바이오틱스;포스트바이오틱스,200억 CFU,"1일 1회, 1캡슐",5세대 유산균,,,안전,항생제(2시간 간격),,직사광선 피하고 서늘한 곳,0,AI 지식 기반 조사,2026-03-11,자체조사,활성,2026-03-11T00:40:48,2026-03-11T00:40:48,제품데이터큐레이터,Y
SUP-0068,도펠악티브비타민D3 5000IU(90캡슐),PHARMACELL,비타민,콜레칼시페롤(비타민D3),비타민D3,"1일 1회, 1캡슐",과량 시 고칼슘혈증 위험,고칼슘혈증;신장결석,,주의,칼슘제;디곡신;이뇨제,용량초과주의,직사광선 피하고 서늘한 곳,0,AI 지식 기반 조사,2026-03-11,자체조사,활성,2026-03-11T00:40:48,2026-03-11T00:40:48,제품데이터큐레이터,Y
SUP-0069,지지투마이크로바이옴(90캡슐),(주)파마셀,프로바이오틱스,5세대 유산균 혼합;프리바이오틱스;포스트바이오틱스,200억 CFU,"1일 1회, 1캡슐",5세대 유산균,,,안전,항생제(2시간 간격),,직사광선 피하고 서늘한 곳,0,AI 지식 기반 조사,2026-03-11,자체조사,활성,2026-03-11T00:40:48,2026-03-11T00:40:48,제품데이터큐레이터,Y
SUP-0070,*태반콜라겐이엑스Ⅱ(1병_30g)파랑,비타민하우스,기타,돼지태반추출물;콜라겐펩타이드;히알루론산;엘라스틴,콜라겐펩타이드 1000mg,"1일 1회, 1병",피부 건강;돼지 유래,돼지 성분 알레르기,,금기,,임부금기,직사광선 피하고 서늘한 곳,0,AI 지식 기반 조사,2026-03-11,자체조사,활성,2026-03-11T00:40:48,2026-03-11T00:40:48,제품데이터큐레이터,Y
SUP-0071,락토톡(생유산균+피부),경남제약,프로바이오틱스,유산균;히알루론산;콜라겐펩타이드,100억 CFU,"1일 1회, 1포",장+피부 건강 복합,,,안전,,,직사광선 피하고 서늘한 곳,0,AI 지식 기반 조사,2026-03-11,자체조사,활성,2026-03-11T00:40:48,2026-03-11T00:40:48,제품데이터큐레이터,Y
SUP-0072,비타민D1000IU(90C),다나음,비타민,콜레칼시페롤(비타민D3),비타민D3,"1일 1회, 1캡슐",과량 시 고칼슘혈증 위험,고칼슘혈증;신장결석,,주의,칼슘제;디곡신;이뇨제,용량초과주의,직사광선 피하고 서늘한 곳,0,AI 지식 기반 조사,2026-03-11,자체조사,활성,2026-03-11T00:40:48,2026-03-11T00:40:48,제품데이터큐레이터,Y
SUP-0073,비타민D5000IU(90캡셀),다나음,비타민,콜레칼시페롤(비타민D3),비타민D3,"1일 1회, 1캡슐",과량 시 고칼슘혈증 위험,고칼슘혈증;신장결석,,주의,칼슘제;디곡신;이뇨제,용량초과주의,직사광선 피하고 서늘한 곳,0,AI 지식 기반 조사,2026-03-11,자체조사,활성,2026-03-11T00:40:48,2026-03-11T00:40:48,제품데이터큐레이터,Y
SUP-0074,키드큐키즈플러스(20포),일동제약(주),비타민,종합비타민;칼슘;철분;아연;DHA,어린이 종합영양,1일 1~2포,어린이 종합 영양 젤리,,,해당없음,,,직사광선 피하고 서늘한 곳,0,AI 지식 기반 조사,2026-03-11,자체조사,활성,2026-03-11T00:40:48,2026-03-11T00:40:48,제품데이터큐레이터,Y
SUP-0075,키드큐비타젤리(1포),일동제약,비타민,비타민C;비타민D;아연;구연산,비타민C 100mg,1일 1~2포,어린이용 비타 젤리,,,해당없음,,,직사광선 피하고 서늘한 곳,0,AI 지식 기반 조사,2026-03-11,자체조사,활성,2026-03-11T00:40:48,2026-03-11T00:40:48,제품데이터큐레이터,Y
SUP-0076,키드큐키즈플러스(1포),일동제약(주),비타민,종합비타민;칼슘;철분;아연;DHA,어린이 종합영양,1일 1~2포,어린이 종합 영양 젤리,,,해당없음,,,직사광선 피하고 서늘한 곳,0,AI 지식 기반 조사,2026-03-11,자체조사,활성,2026-03-11T00:40:48,2026-03-11T00:40:48,제품데이터큐레이터,Y
SUP-0077,(2개월분)MSM관절플러스,비타민하우스,뼈·관절,MSM;글루코사민;비타민D3;칼슘,MSM 1500mg,"1일 2회, 2정",관절+뼈 건강,갑각류 알레르기,,미확인,와파린;항응고제,병용금기,직사광선 피하고 서늘한 곳,0,AI 지식 기반 조사,2026-03-11,자체조사,활성,2026-03-11T00:40:48,2026-03-11T00:40:48,제품데이터큐레이터,Y
SUP-0078,내간애플러스(60캡슐),초당약품,기타,밀크시슬(실리마린);비타민B군,실리마린 130mg,"1일 1~2회, 1캡슐",간 건강 보조,담도 폐쇄,,주의,면역억제제,간독성주의,직사광선 피하고 서늘한 곳,0,AI 지식 기반 조사,2026-03-11,자체조사,활성,2026-03-11T00:40:48,2026-03-11T00:40:48,제품데이터큐레이터,Y
SUP-0079,해피라민큐(60캡슐),PHIL INTER PHARMA USA,기타,밀크시슬;UDCA;비타민B군;타우린,실리마린 130mg,"1일 2회, 1캡슐, 식후",간 건강+피로회복,담도 폐쇄,,주의,면역억제제,간독성주의,직사광선 피하고 서늘한 곳,0,AI 지식 기반 조사,2026-03-11,자체조사,활성,2026-03-11T00:40:48,2026-03-11T00:40:48,제품데이터큐레이터,Y
SUP-0080,글루타치온 아르기닌6000,비타민하우스,기타,L-아르기닌;글루타치온;비타민C;아연,L-아르기닌 6000mg,"1일 1회, 1포",자양강장;항산화,저혈압 주의,,금기,혈압약;질산염제제,임부금기;병용금기,직사광선 피하고 서늘한 곳,0,AI 지식 기반 조사,2026-03-11,자체조사,활성,2026-03-11T00:40:48,2026-03-11T00:40:48,제품데이터큐레이터,Y
SUP-0081,태반콜라겐 이엑스 1병,비타민하우스,기타,돼지태반추출물;콜라겐펩타이드;히알루론산;엘라스틴,콜라겐펩타이드 1000mg,"1일 1회, 1병",피부 건강;돼지 유래,돼지 성분 알레르기,,금기,,임부금기,직사광선 피하고 서늘한 곳,0,AI 지식 기반 조사,2026-03-11,자체조사,활성,2026-03-11T00:40:48,2026-03-11T00:40:48,제품데이터큐레이터,Y
SUP-0082,조이녹스코랄칼슘(90정),Pharmatech Inc,미네랄,산호칼슘;비타민D3;마그네슘,칼슘 500mg,"1일 1회, 2~3정",산호유래 천연 칼슘,고칼슘혈증,,안전,철분제;갑상선약,중복성분주의,직사광선 피하고 서늘한 곳,0,AI 지식 기반 조사,2026-03-11,자체조사,활성,2026-03-11T00:40:48,2026-03-11T00:40:48,제품데이터큐레이터,Y
SUP-0083,해피라민큐(120캡슐),PHARMACELL,기타,밀크시슬;UDCA;비타민B군;타우린,실리마린 130mg,"1일 2회, 1캡슐, 식후",간 건강+피로회복,담도 폐쇄,,주의,면역억제제,간독성주의,직사광선 피하고 서늘한 곳,0,AI 지식 기반 조사,2026-03-11,자체조사,활성,2026-03-11T00:40:48,2026-03-11T00:40:48,제품데이터큐레이터,Y
SUP-0084,조이녹스코랄칼슘(180정),Pharmatech Inc,미네랄,산호칼슘;비타민D3;마그네슘,칼슘 500mg,"1일 1회, 2~3정",산호유래 천연 칼슘,고칼슘혈증,,안전,철분제;갑상선약,중복성분주의,직사광선 피하고 서늘한 곳,0,AI 지식 기반 조사,2026-03-11,자체조사,활성,2026-03-11T00:40:48,2026-03-11T00:40:48,제품데이터큐레이터,Y
SUP-0085,눈건강루테인미니,아워팜,비타민,루테인;지아잔틴;비타민A,루테인 20mg,"1일 1회, 1캡슐",흡연자 주의(베타카로틴 포함 시),,,주의,,,직사광선 피하고 서늘한 곳,0,AI 지식 기반 조사,2026-03-11,자체조사,활성,2026-03-11T00:40:48,2026-03-11T00:40:48,제품데이터큐레이터,Y
SUP-0086,속편한버퍼드비타민C,그린스토어,비타민,아스코르브산칼슘(에스터-C),비타민C 500mg,"1일 1회, 1정",위장 자극 적은 중성 비타민C,,,안전,,,직사광선 피하고 서늘한 곳,0,AI 지식 기반 조사,2026-03-11,자체조사,활성,2026-03-11T00:40:48,2026-03-11T00:40:48,제품데이터큐레이터,Y
SUP-0087,내간애플러스(120캡슐),초당약품,기타,밀크시슬(실리마린);비타민B군,실리마린 130mg,"1일 1~2회, 1캡슐",간 건강 보조,담도 폐쇄,,주의,면역억제제,간독성주의,직사광선 피하고 서늘한 곳,0,AI 지식 기반 조사,2026-03-11,자체조사,활성,2026-03-11T00:40:48,2026-03-11T00:40:48,제품데이터큐레이터,Y
SUP-0088,헤파엘골드(60캡슐),코오롱제약(주),기타,밀크시슬(실리마린);UDCA;비타민B군,실리마린 130mg,"1일 1회, 2캡슐, 식후",간 건강 복합제,담도 폐쇄,,주의,면역억제제;경구피임약,간독성주의,직사광선 피하고 서늘한 곳,0,AI 지식 기반 조사,2026-03-11,자체조사,활성,2026-03-11T00:40:48,2026-03-11T00:40:48,제품데이터큐레이터,Y
SUP-0089,오큐바이트프리저비전정(120정),바슈롬싸우스아시아인크(영업소),비타민,루테인;지아잔틴;비타민C;비타민E;아연;구리,"루테인 10mg, 비타민C 500mg, 아연 80mg","1일 2회, 1정",AREDS2 포뮬러,,,주의,항생제(아연),중복성분주의,직사광선 피하고 서늘한 곳,0,AI 지식 기반 조사,2026-03-11,자체조사,활성,2026-03-11T00:40:48,2026-03-11T00:40:48,제품데이터큐레이터,Y
SUP-0090,메가맨파워(120캡슐),(주)파미스코리아,기타,쏘팔메토추출물;아연;셀레늄;비타민D;옥타코사놀,쏘팔메토 320mg,"1일 1~2회, 1캡슐",남성 전립선 건강,,,해당없음,항응고제;호르몬제,,직사광선 피하고 서늘한 곳,0,AI 지식 기반 조사,2026-03-11,자체조사,활성,2026-03-11T00:40:48,2026-03-11T00:40:48,제품데이터큐레이터,Y
SUP-0091,인사에스(60정),PHARMACELL,피로,홍경천추출물;인삼추출물;비타민B군,홍경천추출물 200mg,"1일 1~2회, 1정",피로회복;스트레스 관리,자가면역질환,,금기,면역억제제;항우울제,임부금기,직사광선 피하고 서늘한 곳,0,AI 지식 기반 조사,2026-03-11,자체조사,활성,2026-03-11T00:40:48,2026-03-11T00:40:48,제품데이터큐레이터,Y
SUP-0092,인사에스(120정),PHARMACELL,피로,홍경천추출물;인삼추출물;비타민B군,홍경천추출물 200mg,"1일 1~2회, 1정",피로회복;스트레스 관리,자가면역질환,,금기,면역억제제;항우울제,임부금기,직사광선 피하고 서늘한 곳,0,AI 지식 기반 조사,2026-03-11,자체조사,활성,2026-03-11T00:40:48,2026-03-11T00:40:48,제품데이터큐레이터,Y
SUP-0093,퓨어알티지오메가3 1300(180캡슐),PHARMACELL,오메가,EPA;DHA;비타민E,"EPA 600mg, DHA 400mg","1일 1회, 1~2캡슐, 식후",수술 전 복용 중단;어유 알레르기 주의,어류 알레르기,,주의,와파린;아스피린;항응고제,병용금기;중복성분주의,직사광선 피하고 서늘한 곳,0,AI 지식 기반 조사,2026-03-11,자체조사,활성,2026-03-11T00:40:48,2026-03-11T00:40:48,제품데이터큐레이터,Y
SUP-0094,아이타민1포,네이쳐스팜,비타민,비타민A;비타민B군;비타민C;비타민D;철분;아연,어린이 종합 비타민,1일 1포,어린이용 종합 비타민 액상,,,해당없음,,,직사광선 피하고 서늘한 곳,0,AI 지식 기반 조사,2026-03-11,자체조사,활성,2026-03-11T00:40:48,2026-03-11T00:40:48,제품데이터큐레이터,Y
SUP-0095,비타블로썸루테인(90캡슐),콜마비앤에이치(주),비타민,루테인;지아잔틴;비타민A,루테인 20mg,"1일 1회, 1캡슐",흡연자 주의(베타카로틴 포함 시),,,주의,,,직사광선 피하고 서늘한 곳,0,AI 지식 기반 조사,2026-03-11,자체조사,활성,2026-03-11T00:40:48,2026-03-11T00:40:48,제품데이터큐레이터,Y
SUP-0096,퓨어알티지오메가3 1300(90캡슐),PHARMACELL,오메가,EPA;DHA;비타민E,"EPA 600mg, DHA 400mg","1일 1회, 1~2캡슐, 식후",수술 전 복용 중단;어유 알레르기 주의,어류 알레르기,,주의,와파린;아스피린;항응고제,병용금기;중복성분주의,직사광선 피하고 서늘한 곳,0,AI 지식 기반 조사,2026-03-11,자체조사,활성,2026-03-11T00:40:48,2026-03-11T00:40:48,제품데이터큐레이터,Y
SUP-0097,메가콘600정(45정),경보제약,기타,레시틴(포스파티딜콜린),레시틴 1200mg,"1일 1회, 1정",간 건강·혈행 개선;대두 유래,대두 알레르기,,안전,,,직사광선 피하고 서늘한 곳,0,AI 지식 기반 조사,2026-03-11,자체조사,활성,2026-03-11T00:40:48,2026-03-11T00:40:48,제품데이터큐레이터,Y
SUP-0098,PURE코엔자임Q10(60캡슐),(주)웰리스온,기타,코엔자임Q10;비타민E,CoQ10 100mg,"1일 1회, 1캡슐, 식후",지용성;식사와 함께,,,주의,와파린;스타틴;혈압약,병용금기,직사광선 피하고 서늘한 곳,0,AI 지식 기반 조사,2026-03-11,자체조사,활성,2026-03-11T00:40:48,2026-03-11T00:40:48,제품데이터큐레이터,Y
SUP-0099,마이타민업(60포),네이처스팜,비타민,비타민B군;비타민C;니코틴산아미드,비타민B+C 복합,1일 1포,피로회복 비타민 액상,,,안전,,,직사광선 피하고 서늘한 곳,0,AI 지식 기반 조사,2026-03-11,자체조사,활성,2026-03-11T00:40:48,2026-03-11T00:40:48,제품데이터큐레이터,Y
SUP-0100,마이타민하이(1포),네이처스팜,비타민,비타민B군;비타민C;니코틴산아미드,비타민B+C 복합,1일 1포,피로회복 비타민 액상,,,안전,,,직사광선 피하고 서늘한 곳,0,AI 지식 기반 조사,2026-03-11,자체조사,활성,2026-03-11T00:40:48,2026-03-11T00:40:48,제품데이터큐레이터,Y
SUP-0101,비타블로썸루테인(180캡슐),콜마비앤에이치(주),비타민,루테인;지아잔틴;비타민A,루테인 20mg,"1일 1회, 1캡슐",흡연자 주의(베타카로틴 포함 시),,,주의,,,직사광선 피하고 서늘한 곳,0,AI 지식 기반 조사,2026-03-11,자체조사,활성,2026-03-11T00:40:48,2026-03-11T00:40:48,제품데이터큐레이터,Y
SUP-0102,비오틴골드(30정),초당약품,비타민,비오틴;아연;판토텐산,비오틴 5000μg,"1일 1회, 1정",모발·피부·손톱;갑상선 검사 영향 가능,,,안전,,,직사광선 피하고 서늘한 곳,0,AI 지식 기반 조사,2026-03-11,자체조사,활성,2026-03-11T00:40:48,2026-03-11T00:40:48,제품데이터큐레이터,Y
SUP-0103,PURE코엔자임Q10(120캡슐),PHIL INTER PHARMA USA,기타,코엔자임Q10;비타민E,CoQ10 100mg,"1일 1회, 1캡슐, 식후",지용성;식사와 함께,,,주의,와파린;스타틴;혈압약,병용금기,직사광선 피하고 서늘한 곳,0,AI 지식 기반 조사,2026-03-11,자체조사,활성,2026-03-11T00:40:48,2026-03-11T00:40:48,제품데이터큐레이터,Y
SUP-0104,메가맨파워(60캡슐),(주)파미스코리아,기타,쏘팔메토추출물;아연;셀레늄;비타민D;옥타코사놀,쏘팔메토 320mg,"1일 1~2회, 1캡슐",남성 전립선 건강,,,해당없음,항응고제;호르몬제,,직사광선 피하고 서늘한 곳,0,AI 지식 기반 조사,2026-03-11,자체조사,활성,2026-03-11T00:40:48,2026-03-11T00:40:48,제품데이터큐레이터,Y
SUP-0105,관절Q엠에스엠골드(90정),(주)제이엘파미스,뼈·관절,MSM;글루코사민;상어연골,MSM 2000mg,"1일 1~2회, 2정",혈액희석 효과 가능,갑각류 알레르기,,미확인,와파린;항응고제,병용금기,직사광선 피하고 서늘한 곳,0,AI 지식 기반 조사,2026-03-11,자체조사,활성,2026-03-11T00:40:48,2026-03-11T00:40:48,제품데이터큐레이터,Y
SUP-0106,마이타민(5포),네이처스팜,비타민,비타민B군;비타민C;니코틴산아미드,비타민B+C 복합,1일 1포,피로회복 비타민 액상,,,안전,,,직사광선 피하고 서늘한 곳,0,AI 지식 기반 조사,2026-03-11,자체조사,활성,2026-03-11T00:40:48,2026-03-11T00:40:48,제품데이터큐레이터,Y
SUP-0107,마이타민(1포),네이처스팜,비타민,비타민B군;비타민C;니코틴산아미드,비타민B+C 복합,1일 1포,피로회복 비타민 액상,,,안전,,,직사광선 피하고 서늘한 곳,0,AI 지식 기반 조사,2026-03-11,자체조사,활성,2026-03-11T00:40:48,2026-03-11T00:40:48,제품데이터큐레이터,Y
SUP-0108,마이타민키(60포),네이처스팜,비타민,비타민B군;비타민C;니코틴산아미드,비타민B+C 복합,1일 1포,피로회복 비타민 액상,,,안전,,,직사광선 피하고 서늘한 곳,0,AI 지식 기반 조사,2026-03-11,자체조사,활성,2026-03-11T00:40:48,2026-03-11T00:40:48,제품데이터큐레이터,Y
SUP-0109,오큐테인3(120캡슐),국제약품(주),비타민,"루테인;지아잔틴;오메가3(EPA,DHA);비타민E","루테인 10mg, EPA+DHA 500mg","1일 2회, 1캡슐",눈+오메가3 복합,어류 알레르기,,주의,와파린;항응고제,중복성분주의,직사광선 피하고 서늘한 곳,0,AI 지식 기반 조사,2026-03-11,자체조사,활성,2026-03-11T00:40:48,2026-03-11T00:40:48,제품데이터큐레이터,Y
SUP-0110,비오틴골드(90정),초당약품,비타민,비오틴;아연;판토텐산,비오틴 5000μg,"1일 1회, 1정",모발·피부·손톱;갑상선 검사 영향 가능,,,안전,,,직사광선 피하고 서늘한 곳,0,AI 지식 기반 조사,2026-03-11,자체조사,활성,2026-03-11T00:40:48,2026-03-11T00:40:48,제품데이터큐레이터,Y
SUP-0111,아임비타(1개),종근당건강,비타민,비타민B군;비타민C;니코틴산아미드;판토텐산;타우린,비타민B+C 복합,"1일 1회, 1병",피로회복 드링크,,,안전,,,직사광선 피하고 서늘한 곳,0,AI 지식 기반 조사,2026-03-11,자체조사,활성,2026-03-11T00:40:48,2026-03-11T00:40:48,제품데이터큐레이터,Y
SUP-0112,락토핏골드(50포),종근당건강,프로바이오틱스,락토바실러스 애시도필러스;비피도박테리움 롱검;프락토올리고당,50억 CFU,"1일 1회, 1포",실온 보관 가능,,,안전,항생제(2시간 간격),,직사광선 피하고 서늘한 곳,0,AI 지식 기반 조사,2026-03-11,자체조사,활성,2026-03-11T00:40:48,2026-03-11T00:40:48,제품데이터큐레이터,Y
SUP-0113,락토핏팜(60포),종근당건강,프로바이오틱스,4종 유산균;프락토올리고당;아연,100억 CFU,"1일 1회, 1포",약국 전용,,,안전,항생제(2시간 간격),,직사광선 피하고 서늘한 곳,0,AI 지식 기반 조사,2026-03-11,자체조사,활성,2026-03-11T00:40:48,2026-03-11T00:40:48,제품데이터큐레이터,Y
SUP-0114,포스트글루텐컷,비타민하우스,프로바이오틱스,유산균 혼합;글루텐분해효소(DPP-IV),50억 CFU,"1일 1회, 1캡슐",글루텐 민감성 보조,셀리악병 대체 불가,,미확인,,,직사광선 피하고 서늘한 곳,0,AI 지식 기반 조사,2026-03-11,자체조사,활성,2026-03-11T00:40:48,2026-03-11T00:40:48,제품데이터큐레이터,Y
SUP-0115,빅콘에프600정(90정),아프로젠,기타,레시틴;비타민E,레시틴 1200mg,"1일 1회, 1정",혈중 콜레스테롤 관리,대두 알레르기,,안전,,,직사광선 피하고 서늘한 곳,0,AI 지식 기반 조사,2026-03-11,자체조사,활성,2026-03-11T00:40:48,2026-03-11T00:40:48,제품데이터큐레이터,Y
SUP-0116,브레이닝캡슐(60캡슐),종근당,기타,포스파티딜세린;오메가3;비타민E,PS 100mg,"1일 1~2회, 1캡슐",기억력 개선 보조,,,미확인,항응고제,,직사광선 피하고 서늘한 곳,0,AI 지식 기반 조사,2026-03-11,자체조사,활성,2026-03-11T00:40:48,2026-03-11T00:40:48,제품데이터큐레이터,Y
SUP-0117,속편한 중성비타민,그린스토어,비타민,아스코르브산칼슘,비타민C 500mg,1일 1~2정,중성 타입,,,안전,,,직사광선 피하고 서늘한 곳,0,AI 지식 기반 조사,2026-03-11,자체조사,활성,2026-03-11T00:40:48,2026-03-11T00:40:48,제품데이터큐레이터,Y
SUP-0118,비피러스블로썸all(30포),(주)비피도,프로바이오틱스,비피도박테리움;락토바실러스;프락토올리고당,100억 CFU,"1일 1회, 1포",,,,안전,항생제(2시간 간격),,직사광선 피하고 서늘한 곳,0,AI 지식 기반 조사,2026-03-11,자체조사,활성,2026-03-11T00:40:48,2026-03-11T00:40:48,제품데이터큐레이터,Y
SUP-0119,아연 비타민하우스,비타민하우스(주),미네랄,글루콘산아연,아연 25mg,"1일 1회, 1정",공복 시 속쓰림,,,안전,항생제;철분제,중복성분주의,직사광선 피하고 서늘한 곳,0,AI 지식 기반 조사,2026-03-11,자체조사,활성,2026-03-11T00:40:48,2026-03-11T00:40:48,제품데이터큐레이터,Y
SUP-0120,브레인G(120C),미등록제조사,기타,포스파티딜세린;DHA;은행잎추출물;비타민E,"PS 100mg, DHA 200mg","1일 2회, 1캡슐",기억력·인지기능 복합,어류 알레르기,,미확인,항응고제;와파린,병용금기,직사광선 피하고 서늘한 곳,0,AI 지식 기반 조사,2026-03-11,자체조사,활성,2026-03-11T00:40:48,2026-03-11T00:40:48,제품데이터큐레이터,Y
SUP-0121,비타민D5000(90캡슐),케이세라퓨틱,비타민,콜레칼시페롤(비타민D3),비타민D3,"1일 1회, 1캡슐",과량 시 고칼슘혈증 위험,고칼슘혈증;신장결석,,주의,칼슘제;디곡신;이뇨제,용량초과주의,직사광선 피하고 서늘한 곳,0,AI 지식 기반 조사,2026-03-11,자체조사,활성,2026-03-11T00:40:48,2026-03-11T00:40:48,제품데이터큐레이터,Y
SUP-0122,프로신프로폴리스캡슐(10캡슐),한솔신약(주),면역,프로폴리스추출물;비타민C,프로폴리스 500mg,"1일 1~2회, 1캡슐",벌꿀 알레르기 주의,벌꿀·벌독 알레르기,,주의,,,직사광선 피하고 서늘한 곳,0,AI 지식 기반 조사,2026-03-11,자체조사,활성,2026-03-11T00:40:48,2026-03-11T00:40:48,제품데이터큐레이터,Y
SUP-0123,MBP&티엔콘드로이친1350,(주)팜크로스,뼈·관절,MBP;콘드로이친;NAG;비타민D,"콘드로이친 1350mg, MBP 40mg","1일 1회, 3정",뼈밀도+관절 복합,우유 알레르기,,미확인,와파린,병용금기,직사광선 피하고 서늘한 곳,0,AI 지식 기반 조사,2026-03-11,자체조사,활성,2026-03-11T00:40:48,2026-03-11T00:40:48,제품데이터큐레이터,Y
SUP-0124,레모나구미비타민복숭아맛(43g),(주)에스디푸드,비타민,아스코르브산;비타민B2,비타민C 500mg,"1일 1~2회, 1포",,,,안전,,,직사광선 피하고 서늘한 곳,0,AI 지식 기반 조사,2026-03-11,자체조사,활성,2026-03-11T00:40:48,2026-03-11T00:40:48,제품데이터큐레이터,Y
SUP-0125,유한루테인지아잔틴플러스60C,유한양행,비타민,루테인;지아잔틴;비타민A,루테인 20mg,"1일 1회, 1캡슐",흡연자 주의(베타카로틴 포함 시),,,주의,,,직사광선 피하고 서늘한 곳,0,AI 지식 기반 조사,2026-03-11,자체조사,활성,2026-03-11T00:40:48,2026-03-11T00:40:48,제품데이터큐레이터,Y
SUP-0126,리버킹(120캡슐),대웅생명과학,기타,밀크시슬(실리마린);아티초크;비타민B군,실리마린 130mg,"1일 2회, 1캡슐",간 건강 복합제,담도 폐쇄,,주의,면역억제제,간독성주의,직사광선 피하고 서늘한 곳,0,AI 지식 기반 조사,2026-03-11,자체조사,활성,2026-03-11T00:40:48,2026-03-11T00:40:48,제품데이터큐레이터,Y
SUP-0127,KPN비타민D5000(90C),케이피엔,비타민,콜레칼시페롤(비타민D3),비타민D3,"1일 1회, 1캡슐",과량 시 고칼슘혈증 위험,고칼슘혈증;신장결석,,주의,칼슘제;디곡신;이뇨제,용량초과주의,직사광선 피하고 서늘한 곳,0,AI 지식 기반 조사,2026-03-11,자체조사,활성,2026-03-11T00:40:48,2026-03-11T00:40:48,제품데이터큐레이터,Y
SUP-0128,멜라맥스(30정),엘리스랩,기타,멜라토닌,멜라토닌 3mg,"1일 1회, 1정, 취침 전",수면 보조;장기 복용 시 상담,자가면역질환;우울증,,금기,항우울제;혈압약;면역억제제;수면제,임부금기;병용금기,직사광선 피하고 서늘한 곳,0,AI 지식 기반 조사,2026-03-11,자체조사,활성,2026-03-11T00:40:48,2026-03-11T00:40:48,제품데이터큐레이터,Y
SUP-0129,하이퍼단백류신,비타민하우스,기타,류신;이소류신;발린;단백질가수분해물,BCAA 3000mg,"1일 1~2회, 1포",근육 합성;운동 보조,신장질환,,미확인,,,직사광선 피하고 서늘한 곳,0,AI 지식 기반 조사,2026-03-11,자체조사,활성,2026-03-11T00:40:48,2026-03-11T00:40:48,제품데이터큐레이터,Y
SUP-0130,카르니틴 버닝,비타민하우스,기타,L-카르니틴;비타민B군;크롬,L-카르니틴 500mg,"1일 1회, 1정",체지방 감소;운동 시 복용,신장질환,,금기,갑상선약,임부금기,직사광선 피하고 서늘한 곳,0,AI 지식 기반 조사,2026-03-11,자체조사,활성,2026-03-11T00:40:48,2026-03-11T00:40:48,제품데이터큐레이터,Y
SUP-0131,1200라파엘콘드로이친3 60T,라파엘바이오,뼈·관절,콘드로이친;글루코사민;MSM;보스웰리아;비타민D,콘드로이친 1200mg,"1일 1회, 2정",관절 종합 관리,갑각류 알레르기,,미확인,와파린;항응고제,병용금기,직사광선 피하고 서늘한 곳,0,AI 지식 기반 조사,2026-03-11,자체조사,활성,2026-03-11T00:40:48,2026-03-11T00:40:48,제품데이터큐레이터,Y
SUP-0132,하이퍼라이신스피드,비타민하우스,기타,L-라이신;비타민C;아연,L-라이신 1000mg,"1일 1~2회, 1포",면역력·피로회복,신장질환,,미확인,,,직사광선 피하고 서늘한 곳,0,AI 지식 기반 조사,2026-03-11,자체조사,활성,2026-03-11T00:40:48,2026-03-11T00:40:48,제품데이터큐레이터,Y
SUP-0133,더우먼스케어프로바이오틱스60C,1유한,프로바이오틱스,락토바실러스;비피도박테리움;스트렙토코커스 써모필러스,100억 CFU,"1일 1회, 1캡슐",냉장 보관;면역억제제 주의,면역결핍 환자,,안전,항생제(2시간 간격),,직사광선 피하고 서늘한 곳,0,AI 지식 기반 조사,2026-03-11,자체조사,활성,2026-03-11T00:40:48,2026-03-11T00:40:48,제품데이터큐레이터,Y
SUP-0134,팜스 슈퍼엽산F,LSK,비타민,엽산;비타민B12;비타민B6;철분,엽산 800μg,"1일 1회, 1정",임신 준비~초기 필수,,,안전,,,직사광선 피하고 서늘한 곳,0,AI 지식 기반 조사,2026-03-11,자체조사,활성,2026-03-11T00:40:48,2026-03-11T00:40:48,제품데이터큐레이터,Y
SUP-0135,팜스 슈퍼헴철C,LSK,미네랄,헴철;비타민C;엽산;비타민B12,"헴철 12mg, 비타민C 500mg","1일 1회, 1정",헴철+비타민C 흡수율↑,철분 과다증,,안전,칼슘제;갑상선약,중복성분주의,직사광선 피하고 서늘한 곳,0,AI 지식 기반 조사,2026-03-11,자체조사,활성,2026-03-11T00:40:48,2026-03-11T00:40:48,제품데이터큐레이터,Y
SUP-0136,벨더웰 이뮨 멀티 비타 듀오,종근당,비타민,비타민C;비타민D;아연;셀레늄;비타민B군,"비타민C 500mg, 비타민D 1000IU","1일 1회, 1정",면역+멀티비타민,,,주의,,중복성분주의,직사광선 피하고 서늘한 곳,0,AI 지식 기반 조사,2026-03-11,자체조사,활성,2026-03-11T00:40:48,2026-03-11T00:40:48,제품데이터큐레이터,Y
SUP-0137,1200라파엘콘드로이친3 120T,라파엘바이오,뼈·관절,콘드로이친;글루코사민;MSM;보스웰리아;비타민D,콘드로이친 1200mg,"1일 1회, 2정",관절 종합 관리,갑각류 알레르기,,미확인,와파린;항응고제,병용금기,직사광선 피하고 서늘한 곳,0,AI 지식 기반 조사,2026-03-11,자체조사,활성,2026-03-11T00:40:48,2026-03-11T00:40:48,제품데이터큐레이터,Y
SUP-0138,팜스 바이오 베타칸에스,LSK,면역,베타글루칸;아연;비타민C,베타글루칸 250mg,"1일 1회, 1캡슐",면역력 증진,자가면역질환 주의,,미확인,면역억제제,,직사광선 피하고 서늘한 곳,0,AI 지식 기반 조사,2026-03-11,자체조사,활성,2026-03-11T00:40:48,2026-03-11T00:40:48,제품데이터큐레이터,Y
SUP-0139,팜스 슈퍼화이버,LSK,장건강,차전자피;이눌린;프락토올리고당,식이섬유 5g,"1일 1~2회, 1포",충분한 수분 섭취 필수,장폐색,,안전,약물 흡수 방해(2시간 간격),,직사광선 피하고 서늘한 곳,0,AI 지식 기반 조사,2026-03-11,자체조사,활성,2026-03-11T00:40:48,2026-03-11T00:40:48,제품데이터큐레이터,Y
SUP-0140,팜스 액티브칼맥 더블액션,LSK,미네랄,칼슘;마그네슘;비타민D3;비타민K2;아연,"칼슘 500mg, 마그네슘 250mg","1일 1회, 2정",뼈건강 복합제,고칼슘혈증,,안전,와파린;철분제,병용금기;중복성분주의,직사광선 피하고 서늘한 곳,0,AI 지식 기반 조사,2026-03-11,자체조사,활성,2026-03-11T00:40:48,2026-03-11T00:40:48,제품데이터큐레이터,Y
SUP-0141,아워팜 코큐텐100mg,아워팜,기타,코엔자임Q10;비타민E,CoQ10 100mg,"1일 1회, 1캡슐, 식후",항산화;심혈관 건강,,,주의,와파린;스타틴;혈압약,병용금기,직사광선 피하고 서늘한 곳,0,AI 지식 기반 조사,2026-03-11,자체조사,활성,2026-03-11T00:40:48,2026-03-11T00:40:48,제품데이터큐레이터,Y
SUP-0142,(구) DRS 프로바이오틱스 K-낙산균,DRS,프로바이오틱스,락토바실러스;비피도박테리움;스트렙토코커스 써모필러스,100억 CFU,"1일 1회, 1캡슐",냉장 보관;면역억제제 주의,면역결핍 환자,,안전,항생제(2시간 간격),,직사광선 피하고 서늘한 곳,0,AI 지식 기반 조사,2026-03-11,자체조사,활성,2026-03-11T00:40:48,2026-03-11T00:40:48,제품데이터큐레이터,Y
SUP-0143,슬림라인컷 다이어트,그린스토어,기타,가르시니아캄보지아(HCA);녹차추출물;L-카르니틴,HCA 1000mg,"1일 3회, 1정, 식전",체지방 감소;식전 복용,임산부;수유부,,금기,당뇨약;스타틴,임부금기,직사광선 피하고 서늘한 곳,0,AI 지식 기반 조사,2026-03-11,자체조사,활성,2026-03-11T00:40:48,2026-03-11T00:40:48,제품데이터큐레이터,Y
SUP-0144,코랄칼슘마그네슘플러스80정,그린스토어,미네랄,산호칼슘;산화마그네슘;비타민D3;비타민K2,"칼슘 600mg, 마그네슘 300mg","1일 1회, 2정",비타민K 함유(항응고제 주의),고칼슘혈증,,안전,와파린;철분제;갑상선약,병용금기;중복성분주의,직사광선 피하고 서늘한 곳,0,AI 지식 기반 조사,2026-03-11,자체조사,활성,2026-03-11T00:40:48,2026-03-11T00:40:48,제품데이터큐레이터,Y
SUP-0145,헤모마임플러스(리뉴얼),네이쳐스팜,미네랄,헴철;엽산;비타민B12;비타민C,철 12mg(헴철),"1일 1회, 1캡슐",헴철(흡수율 높음),철분 과다증,,안전,칼슘제;갑상선약,중복성분주의,직사광선 피하고 서늘한 곳,0,AI 지식 기반 조사,2026-03-11,자체조사,활성,2026-03-11T00:40:48,2026-03-11T00:40:48,제품데이터큐레이터,Y
SUP-0146,디3드림(60C),엔큐엔에이,비타민,콜레칼시페롤,비타민D3 1000IU,"1일 1회, 1캡슐",비타민D 보충,고칼슘혈증,,안전,칼슘제;디곡신,,직사광선 피하고 서늘한 곳,0,AI 지식 기반 조사,2026-03-11,자체조사,활성,2026-03-11T00:40:48,2026-03-11T00:40:48,제품데이터큐레이터,Y
SUP-0147,에이드림스텝1(120정*2),엔큐엔에이,미네랄,칼슘;마그네슘;비타민D;비타민K;아연,칼슘 600mg,"1일 2회, 2정",성장기 뼈건강,,,해당없음,철분제;갑상선약,중복성분주의,직사광선 피하고 서늘한 곳,0,AI 지식 기반 조사,2026-03-11,자체조사,활성,2026-03-11T00:40:48,2026-03-11T00:40:48,제품데이터큐레이터,Y
SUP-0148,에이엘드림(60C*2),엔큐엔에이,미네랄,칼슘;마그네슘;비타민D;아연;비타민K,칼슘 500mg,"1일 2회, 1캡슐",성장기 영양 보충,,,해당없음,철분제,중복성분주의,직사광선 피하고 서늘한 곳,0,AI 지식 기반 조사,2026-03-11,자체조사,활성,2026-03-11T00:40:48,2026-03-11T00:40:48,제품데이터큐레이터,Y
SUP-0149,페리비타캡슐(60캡슐),광동제약(주),미네랄,푸마르산제일철;비타민C;엽산;비타민B12,"철 18mg, 엽산 400μg","1일 1회, 1캡슐",철분 보충,철분 과다증,,안전,칼슘제;갑상선약,중복성분주의,직사광선 피하고 서늘한 곳,0,AI 지식 기반 조사,2026-03-11,자체조사,활성,2026-03-11T00:40:48,2026-03-11T00:40:48,제품데이터큐레이터,Y
SUP-0150,지속성비타민C,아워팜,비타민,아스코르브산;히드록시프로필메틸셀룰로스,비타민C 1000mg,"1일 1회, 1정",서방형 제제,,,안전,와파린,중복성분주의,직사광선 피하고 서늘한 곳,0,AI 지식 기반 조사,2026-03-11,자체조사,활성,2026-03-11T00:40:48,2026-03-11T00:40:48,제품데이터큐레이터,Y
SUP-0151,뉴케어(당플랜미니-1팩),대상웰라이프,기타,단백질;탄수화물;지방;비타민;미네랄 균형배합,열량 200~250kcal/팩,1일 1~3팩,환자 영양보충식,특정 영양소 제한 시 의사 상담,,주의,,,직사광선 피하고 서늘한 곳,0,AI 지식 기반 조사,2026-03-11,자체조사,활성,2026-03-11T00:40:48,2026-03-11T00:40:48,제품데이터큐레이터,Y
SUP-0152,뉴케어(구수한맛-1팩),대상웰라이프,기타,단백질;탄수화물;지방;비타민;미네랄 균형배합,열량 200~250kcal/팩,1일 1~3팩,환자 영양보충식,특정 영양소 제한 시 의사 상담,,주의,,,직사광선 피하고 서늘한 곳,0,AI 지식 기반 조사,2026-03-11,자체조사,활성,2026-03-11T00:40:48,2026-03-11T00:40:48,제품데이터큐레이터,Y
SUP-0153,뉴케어(10팩-선물케이스),대상웰라이프,기타,단백질;탄수화물;지방;비타민;미네랄 균형배합,열량 200~250kcal/팩,1일 1~3팩,환자 영양보충식,특정 영양소 제한 시 의사 상담,,주의,,,직사광선 피하고 서늘한 곳,0,AI 지식 기반 조사,2026-03-11,자체조사,활성,2026-03-11T00:40:48,2026-03-11T00:40:48,제품데이터큐레이터,Y
SUP-0154,뉴케어하이프로틴(1캔),대상웰라이프,기타,단백질;탄수화물;지방;비타민;미네랄 균형배합,열량 200~250kcal/팩,1일 1~3팩,환자 영양보충식,특정 영양소 제한 시 의사 상담,,주의,,,직사광선 피하고 서늘한 곳,0,AI 지식 기반 조사,2026-03-11,자체조사,활성,2026-03-11T00:40:48,2026-03-11T00:40:48,제품데이터큐레이터,Y
SUP-0155,뉴케어(당뇨식DM-1캔),대상웰라이프,기타,단백질;탄수화물;지방;비타민;미네랄 균형배합,열량 200~250kcal/팩,1일 1~3팩,환자 영양보충식,특정 영양소 제한 시 의사 상담,,주의,,,직사광선 피하고 서늘한 곳,0,AI 지식 기반 조사,2026-03-11,자체조사,활성,2026-03-11T00:40:48,2026-03-11T00:40:48,제품데이터큐레이터,Y
SUP-0156,뉴케어토로미퍼펙트(50포),대상웰라이프,기타,단백질;탄수화물;지방;비타민;미네랄 균형배합,열량 200~250kcal/팩,1일 1~3팩,환자 영양보충식,특정 영양소 제한 시 의사 상담,,주의,,,직사광선 피하고 서늘한 곳,0,AI 지식 기반 조사,2026-03-11,자체조사,활성,2026-03-11T00:40:48,2026-03-11T00:40:48,제품데이터큐레이터,Y
SUP-0157,가네스알파(10병),광동제약(주),기타,당귀;작약;인삼;타우린;비타민B군;카페인,인삼추출물 200mg,"1일 1회, 1병",자양강장;카페인 함유,카페인 민감자,,주의,,,직사광선 피하고 서늘한 곳,0,AI 지식 기반 조사,2026-03-11,자체조사,활성,2026-03-11T00:40:48,2026-03-11T00:40:48,제품데이터큐레이터,Y
SUP-0158,가네스알파(1병),광동제약(주),기타,당귀;작약;인삼;타우린;비타민B군;카페인,인삼추출물 200mg,"1일 1회, 1병",자양강장;카페인 함유,카페인 민감자,,주의,,,직사광선 피하고 서늘한 곳,0,AI 지식 기반 조사,2026-03-11,자체조사,활성,2026-03-11T00:40:48,2026-03-11T00:40:48,제품데이터큐레이터,Y
SUP-0159,포스톤G액(1병),초당약품공업(주),기타,홍삼농축액;당귀;작약;로열젤리,홍삼 600mg,"1일 1회, 1병",홍삼 드링크,,,주의,와파린;항응고제,,직사광선 피하고 서늘한 곳,0,AI 지식 기반 조사,2026-03-11,자체조사,활성,2026-03-11T00:40:48,2026-03-11T00:40:48,제품데이터큐레이터,Y
SUP-0160,박카스D(1병),동아제약(주),기타,타우린;이노시톨;니코틴산아미드;비타민B군;카페인,"타우린 2000mg, 카페인 30mg",1일 1~2병,카페인 함유,카페인 민감자,,주의,,,직사광선 피하고 서늘한 곳,0,AI 지식 기반 조사,2026-03-11,자체조사,활성,2026-03-11T00:40:48,2026-03-11T00:40:48,제품데이터큐레이터,Y
SUP-0161,포스톤G액(10병),초당약품,기타,홍삼농축액;당귀;작약;로열젤리,홍삼 600mg,"1일 1회, 1병",홍삼 드링크,,,주의,와파린;항응고제,,직사광선 피하고 서늘한 곳,0,AI 지식 기반 조사,2026-03-11,자체조사,활성,2026-03-11T00:40:48,2026-03-11T00:40:48,제품데이터큐레이터,Y
SUP-0162,헛개컨디션(10병),HK이노엔,기타,헛개나무열매추출물;강황추출물,헛개나무열매추출물 3000mg,음주 전후 1병,숙취 해소,간질환 의사 상담,,금기,간 대사 약물,임부금기,직사광선 피하고 서늘한 곳,0,AI 지식 기반 조사,2026-03-11,자체조사,활성,2026-03-11T00:40:48,2026-03-11T00:40:48,제품데이터큐레이터,Y
SUP-0163,포스타민액(1병),코오롱,기타,비타민B군;타우린;L-카르니틴,비타민B 복합,"1일 1회, 1병",피로회복 드링크,,,주의,,,직사광선 피하고 서늘한 곳,0,AI 지식 기반 조사,2026-03-11,자체조사,활성,2026-03-11T00:40:48,2026-03-11T00:40:48,제품데이터큐레이터,Y
SUP-0164,포스톤GX액(1병),초당약품공업(주),기타,홍삼농축액;당귀;작약;녹용추출물,홍삼 800mg,"1일 1회, 1병",프리미엄 홍삼 드링크,,,주의,와파린;항응고제,,직사광선 피하고 서늘한 곳,0,AI 지식 기반 조사,2026-03-11,자체조사,활성,2026-03-11T00:40:48,2026-03-11T00:40:48,제품데이터큐레이터,Y
SUP-0165,생강쌍화탕(10병),광동제약(주),기타,생강;백작약;당귀;천궁;황기;계피;감초;대추,생약 복합 추출물,1일 1~2병,한방 자양강장,,,주의,,,직사광선 피하고 서늘한 곳,0,AI 지식 기반 조사,2026-03-11,자체조사,활성,2026-03-11T00:40:48,2026-03-11T00:40:48,제품데이터큐레이터,Y
SUP-0166,박카스D(10병),동아제약(주),기타,타우린;이노시톨;니코틴산아미드;비타민B군;카페인,"타우린 2000mg, 카페인 30mg",1일 1~2병,카페인 함유,카페인 민감자,,주의,,,직사광선 피하고 서늘한 곳,0,AI 지식 기반 조사,2026-03-11,자체조사,활성,2026-03-11T00:40:48,2026-03-11T00:40:48,제품데이터큐레이터,Y
SUP-0167,원비디(10병),일양약품(주),비타민,비타민B군;비타민C;비타민D;타우린;L-아르기닌,비타민B+C+D 복합,"1일 1회, 1병",종합 비타민 드링크,,,주의,,,직사광선 피하고 서늘한 곳,0,AI 지식 기반 조사,2026-03-11,자체조사,활성,2026-03-11T00:40:48,2026-03-11T00:40:48,제품데이터큐레이터,Y
SUP-0168,헛개컨디션(1병),HK이노엔,기타,헛개나무열매추출물;강황추출물,헛개나무열매추출물 3000mg,음주 전후 1병,숙취 해소,간질환 의사 상담,,금기,간 대사 약물,임부금기,직사광선 피하고 서늘한 곳,0,AI 지식 기반 조사,2026-03-11,자체조사,활성,2026-03-11T00:40:48,2026-03-11T00:40:48,제품데이터큐레이터,Y
SUP-0169,박카스D(20병),동아제약(주),기타,타우린;이노시톨;니코틴산아미드;비타민B군;카페인,"타우린 2000mg, 카페인 30mg",1일 1~2병,카페인 함유,카페인 민감자,,주의,,,직사광선 피하고 서늘한 곳,0,AI 지식 기반 조사,2026-03-11,자체조사,활성,2026-03-11T00:40:48,2026-03-11T00:40:48,제품데이터큐레이터,Y
SUP-0170,술타민환(1포),한방,기타,헛개나무;갈근;구기자;비타민B1;비타민C,헛개나무추출물 500mg,음주 전후 1포,숙취 해소 한방,,,금기,,임부금기,직사광선 피하고 서늘한 곳,0,AI 지식 기반 조사,2026-03-11,자체조사,활성,2026-03-11T00:40:48,2026-03-11T00:40:48,제품데이터큐레이터,Y
SUP-0171,알유-21(RU-21),온라인팜,기타,숙시닌산;글루타민산;L-시스테인;비타민C,숙시닌산 600mg,음주 전 2~3정,숙취 예방,,,금기,,임부금기,직사광선 피하고 서늘한 곳,0,AI 지식 기반 조사,2026-03-11,자체조사,활성,2026-03-11T00:40:48,2026-03-11T00:40:48,제품데이터큐레이터,Y
SUP-0172,상쾌환(2개입),(주)삼양사,기타,글루타치온;숙취분해효소;비타민C;밀크시슬,글루타치온 100mg,음주 전 1포,숙취 해소,,,금기,,임부금기,직사광선 피하고 서늘한 곳,0,AI 지식 기반 조사,2026-03-11,자체조사,활성,2026-03-11T00:40:48,2026-03-11T00:40:48,제품데이터큐레이터,Y
SUP-0173,생강쌍화탕(1병),광동제약(주),기타,생강;백작약;당귀;천궁;황기;계피;감초;대추,생약 복합 추출물,1일 1~2병,한방 자양강장,,,주의,,,직사광선 피하고 서늘한 곳,0,AI 지식 기반 조사,2026-03-11,자체조사,활성,2026-03-11T00:40:48,2026-03-11T00:40:48,제품데이터큐레이터,Y
SUP-0174,박카스디카페인(10병),동아제약(주),기타,타우린;이노시톨;니코틴산아미드;비타민B군,타우린 2000mg,1일 1~2병,디카페인 버전,,,주의,,,직사광선 피하고 서늘한 곳,0,AI 지식 기반 조사,2026-03-11,자체조사,활성,2026-03-11T00:40:48,2026-03-11T00:40:48,제품데이터큐레이터,Y
SUP-0175,박카스디카페인(1병),동아제약(주),기타,타우린;이노시톨;니코틴산아미드;비타민B군,타우린 2000mg,1일 1~2병,디카페인 버전,,,주의,,,직사광선 피하고 서늘한 곳,0,AI 지식 기반 조사,2026-03-11,자체조사,활성,2026-03-11T00:40:48,2026-03-11T00:40:48,제품데이터큐레이터,Y
SUP-0176,영비천(1병),일양약품(주),기타,녹용;인삼;당귀;천궁;숙지황,녹용추출물 200mg,1일 1~2병,한방 보양 드링크,,,주의,와파린,,직사광선 피하고 서늘한 곳,0,AI 지식 기반 조사,2026-03-11,자체조사,활성,2026-03-11T00:40:48,2026-03-11T00:40:48,제품데이터큐레이터,Y
SUP-0177,쾌변(100ml),네오팜(주),장건강,센나엽추출물;알로에;치커리식이섬유,센나엽추출물 200mg,취침 전 1병,변비 해소;장기 복용 주의,임산부;장폐색;염증성 장질환,,금기,이뇨제;심장약,임부금기,직사광선 피하고 서늘한 곳,0,AI 지식 기반 조사,2026-03-11,자체조사,활성,2026-03-11T00:40:48,2026-03-11T00:40:48,제품데이터큐레이터,Y
SUP-0178,알디콤(1포),천지인초,비타민,비타민B1;비타민B6;비타민B12;엽산;타우린,비타민B 복합,"1일 1회, 1포",피로회복;신경 건강,,,안전,,,직사광선 피하고 서늘한 곳,0,AI 지식 기반 조사,2026-03-11,자체조사,활성,2026-03-11T00:40:48,2026-03-11T00:40:48,제품데이터큐레이터,Y
SUP-0179,박카스맛젤리(신맛),동아제약,기타,타우린;비타민B군;구연산,타우린 500mg,1일 1~2개,젤리 타입,,,안전,,,직사광선 피하고 서늘한 곳,0,AI 지식 기반 조사,2026-03-11,자체조사,활성,2026-03-11T00:40:48,2026-03-11T00:40:48,제품데이터큐레이터,Y
SUP-0180,애너포스맥스6000(20ml),디비바이오(주),기타,타우린;L-아르기닌;비타민B군;카페인,타우린 6000mg,"1일 1회, 1앰플",고함량 타우린,카페인 민감자,,금기,,임부금기,직사광선 피하고 서늘한 곳,0,AI 지식 기반 조사,2026-03-11,자체조사,활성,2026-03-11T00:40:48,2026-03-11T00:40:48,제품데이터큐레이터,Y
SUP-0181,박카스맛젤리,동아제약,기타,타우린;비타민B군;구연산,타우린 500mg,1일 1~2개,젤리 타입,,,안전,,,직사광선 피하고 서늘한 곳,0,AI 지식 기반 조사,2026-03-11,자체조사,활성,2026-03-11T00:40:48,2026-03-11T00:40:48,제품데이터큐레이터,Y
SUP-0182,쌍화천(1병),동화약품,기타,백작약;당귀;천궁;황기;감초;계피;대추;생강,생약 복합 추출물,1일 1~2병,한방 자양강장,,,주의,,,직사광선 피하고 서늘한 곳,0,AI 지식 기반 조사,2026-03-11,자체조사,활성,2026-03-11T00:40:48,2026-03-11T00:40:48,제품데이터큐레이터,Y
SUP-0183,쌍화천(10병),동화약품,기타,백작약;당귀;천궁;황기;감초;계피;대추;생강,생약 복합 추출물,1일 1~2병,한방 자양강장,,,주의,,,직사광선 피하고 서늘한 곳,0,AI 지식 기반 조사,2026-03-11,자체조사,활성,2026-03-11T00:40:48,2026-03-11T00:40:48,제품데이터큐레이터,Y
SUP-0184,호르반내복액(30ml),한림제약(주),기타,홍삼;녹용;당귀;구기자;오미자,"홍삼 300mg, 녹용 200mg",1일 1~2병,한방 자양강장,,,주의,와파린;항응고제,,직사광선 피하고 서늘한 곳,0,AI 지식 기반 조사,2026-03-11,자체조사,활성,2026-03-11T00:40:48,2026-03-11T00:40:48,제품데이터큐레이터,Y
SUP-0185,박카스D(100병),동아제약(주),기타,타우린;이노시톨;니코틴산아미드;비타민B군;카페인,"타우린 2000mg, 카페인 30mg",1일 1~2병,카페인 함유,카페인 민감자,,주의,,,직사광선 피하고 서늘한 곳,0,AI 지식 기반 조사,2026-03-11,자체조사,활성,2026-03-11T00:40:48,2026-03-11T00:40:48,제품데이터큐레이터,Y
SUP-0186,아워팜 쾌변엔 차전자피환,아워팜,장건강,차전자피;유산균,차전자피 4g,"1일 1~2회, 1포",변비 개선,장폐색,,안전,약물 흡수 방해,,직사광선 피하고 서늘한 곳,0,AI 지식 기반 조사,2026-03-11,자체조사,활성,2026-03-11T00:40:48,2026-03-11T00:40:48,제품데이터큐레이터,Y
SUP-0187,추억의미니텐텐맛츄정(10T),(주)청우식품,기타,포도당;비타민C;구연산,비타민C 50mg,수시 1~2정,간식형 캔디,,,안전,,,직사광선 피하고 서늘한 곳,0,AI 지식 기반 조사,2026-03-11,자체조사,활성,2026-03-11T00:40:48,2026-03-11T00:40:48,제품데이터큐레이터,Y
SUP-0188,테일러푸룬주스(180ml),(주)테일러팜스,장건강,푸룬농축액;수용성식이섬유,푸룬농축액 50g,"1일 1회, 1병",장 건강,,,안전,,,직사광선 피하고 서늘한 곳,0,AI 지식 기반 조사,2026-03-11,자체조사,활성,2026-03-11T00:40:48,2026-03-11T00:40:48,제품데이터큐레이터,Y
SUP-0189,테일러푸룬건자두(250g),(주)테일러팜스,장건강,건자두(프룬),건자두 250g,적당량 간식 섭취,자연 식이섬유,,,안전,,,직사광선 피하고 서늘한 곳,0,AI 지식 기반 조사,2026-03-11,자체조사,활성,2026-03-11T00:40:48,2026-03-11T00:40:48,제품데이터큐레이터,Y
SUP-0190,솔레쉬트로키(6g),선일양행,기타,히알루론산;비타민C;자일리톨,히알루론산 10mg,1일 1~2정,트로키 타입,,,안전,,,직사광선 피하고 서늘한 곳,0,AI 지식 기반 조사,2026-03-11,자체조사,활성,2026-03-11T00:40:48,2026-03-11T00:40:48,제품데이터큐레이터,Y
SUP-0191,추억의미니텐텐맛츄정(10정),한미약품(주),기타,포도당;비타민C;구연산,비타민C 50mg,수시 1~2정,간식형 캔디,,,안전,,,직사광선 피하고 서늘한 곳,0,AI 지식 기반 조사,2026-03-11,자체조사,활성,2026-03-11T00:40:48,2026-03-11T00:40:48,제품데이터큐레이터,Y
SUP-0192,조은아이시럽(400mL),조아제약(주),비타민,비타민A;비타민B;비타민C;비타민D;철분;아연;칼슘,어린이 종합 영양 시럽,"1일 1~2회, 5~10mL",어린이용 종합 시럽,,,해당없음,,,직사광선 피하고 서늘한 곳,0,AI 지식 기반 조사,2026-03-11,자체조사,활성,2026-03-11T00:40:48,2026-03-11T00:40:48,제품데이터큐레이터,Y
SUP-0193,통엔F정(10정),네이쳐스팜,뼈·관절,보스웰리아추출물;MSM;비타민D;강황추출물,보스웰리아 400mg,"1일 1회, 2정",관절 건강;항염,임산부,,금기,항응고제,임부금기,직사광선 피하고 서늘한 곳,0,AI 지식 기반 조사,2026-03-11,자체조사,활성,2026-03-11T00:40:48,2026-03-11T00:40:48,제품데이터큐레이터,Y
SUP-0194,안티플엠캡슐(10캡슐),네이처스팜,뼈·관절,보스웰리아추출물;강황추출물;비타민D;MSM,보스웰리아 300mg,"1일 1~2회, 1캡슐",항염·관절 건강,임산부;수유부,,금기,항응고제;NSAIDs,임부금기,직사광선 피하고 서늘한 곳,0,AI 지식 기반 조사,2026-03-11,자체조사,활성,2026-03-11T00:40:48,2026-03-11T00:40:48,제품데이터큐레이터,Y
SUP-0195,저온초임계rTG오메가,,오메가,rTG형 EPA;DHA;비타민E,EPA+DHA 1000mg,"1일 1회, 1캡슐, 식후",rTG형 초임계추출;흡수율 높음;수술 전 복용 중단,어류 알레르기,,주의,와파린;아스피린;항응고제,병용금기;중복성분주의,직사광선 피하고 서늘한 곳,,AI 지식 기반 조사,2026-03-11,자체조사,활성,2026-03-11T00:41:08,2026-03-11T00:41:08,제품데이터큐레이터,Y
SUP-0196,눈건강 트리플케어 60정,,비타민,루테인;지아잔틴;아스타잔틴;빌베리추출물;비타민A,"루테인 20mg, 아스타잔틴 4mg","1일 1회, 1정",눈 건강 3중 케어(루테인+아스타잔틴+빌베리),,,주의,,,직사광선 피하고 서늘한 곳,,AI 지식 기반 조사,2026-03-11,자체조사,활성,2026-03-11T00:41:08,2026-03-11T00:41:08,제품데이터큐레이터,Y
SUP-0197,파인튠L-카르니틴(1병),,기타,L-카르니틴;비타민B2;구연산,L-카르니틴 500mg,"1일 1회, 1병",체지방 감소 보조;운동 시 복용 권장,신장질환,,금기,갑상선약,임부금기,직사광선 피하고 서늘한 곳,,AI 지식 기반 조사,2026-03-11,자체조사,활성,2026-03-11T00:41:08,2026-03-11T00:41:08,제품데이터큐레이터,Y
SUP-0198,조은아이엠플러스시럽(400mL),,비타민,비타민A;비타민B군;비타민C;비타민D;철분;아연;칼슘;DHA,어린이 종합 영양+DHA 시럽,"1일 1~2회, 5~10mL",어린이용 종합 비타민+DHA 강화 시럽,,만 1세 이상,해당없음,,,직사광선 피하고 서늘한 곳,,AI 지식 기반 조사,2026-03-11,자체조사,활성,2026-03-11T00:41:08,2026-03-11T00:41:08,제품데이터큐레이터,Y
